<?xml version="1.0" encoding="UTF-8" ?>
<!DOCTYPE mapper PUBLIC "-//mybatis.org//DTD Mapper 3.0//EN"
  "http://mybatis.org/dtd/mybatis-3-mapper.dtd">
  
  
<!-- 경로가 될수도있지만  mapper에대한 대상   -->
<mapper namespace="org.zerock.mapper.ReplyMapper2">
	
	<insert id="insert2">
		<!--  1409300번 게시글에 댓글을 삽입해 주었습니다. 
			INSERT into tbl_reply (rno, bno, reply, replyer)
			VALUES (seq_reply.nextval, 1409300, '댓글 등록 테스트', '장나라');
		-->
		INSERT into tbl_reply2 (rno, bno, reply, replyer)
		VALUES (seq_reply2.nextval, #{bno}, #{reply}, #{replyer})
	</insert>
	
	<!-- 
		select * from tbl_reply where rno = 2;
	 -->
	 <select id="read2" resultType="org.zerock.domain.ReplyVO2">
	 	select * from tbl_reply2 where rno = #{rno}
	 </select>
	 
	 <!-- 
	 	DELETE from tbl_reply WHERE rno=2;
	  -->
	 <delete id="delete2">
	 	DELETE from tbl_reply2 WHERE rno=#{rno}
	 </delete>
	 
	 <!-- 
	 	UPDATE tbl_reply set reply = '즐거운 일요일 주말이 기다려집니다!', updatedate = sysdate 
		WHERE rno = 10;
	  -->
	  <update id="update2">
	  	UPDATE tbl_reply2 set reply = #{reply}, updatedate = sysdate 
		WHERE rno = #{rno}
	  </update>
	  
	  <!-- 
	  	SELECT rno, bno, reply, replyer, replyDate, updatedate
		FROM tbl_reply
		WHERE bno = 1409300
		ORDER BY rno asc;
	   -->
	  
	  <!--  
	 
	  <select id="getListWithPainging" resultType="org.zerock.domain.ReplyVO">
	  		SELECT rno, bno, reply, replyer, replyDate, updatedate
			FROM tbl_reply
			WHERE bno = #{bno}
			ORDER BY rno asc
	  </select>
	  -->
	 <select id="getListWithPainging2" resultType="org.zerock.domain.ReplyVO2">
  		<![CDATA[
  		select rno, bno, reply, replyer, replydate, updatedate 
		from
			(
			select /*+ INDEX(tbl_reply2 idx_reply2) */
			rownum rn, rno, bno, reply, replyer, replyDate, updatedate
			from tbl_reply2
			where bno = #{bno}
			and rownum <= #{cri.pageNum} * #{cri.amount}
			) where rn > (#{cri.pageNum}-1) * #{cri.amount}
		]]>
	  </select>
	  
	  
	  <!-- page433 getCountByBno인 select 태그 쿼리문 확인
	  	select count(rno) from tbl_reply where bno = 1409300;
	   -->
	  <select id="getCountByBno2" resultType="int">
	  	<![CDATA[
	  		select count(rno) from tbl_reply2 where bno = #{bno}
	  	]]>
	  </select>
	  
	
</mapper>
















